bot_number,symbol,direction,reason,real_pnl,model_pnl,delta,hours,model_reason
1314,AAOIX_USDT_PERP,NEUTRAL,GRID_AGED_HALF_LIFE,0.0203,0.0688,0.0485,5.0898,WINDOW_END_AT_CLOSED_AT
1283,TRUMP_USDT_PERP,NEUTRAL,GRID_AGED_HALF_LIFE,1.4064,1.8652,0.4588,17.7520,WINDOW_END_AT_CLOSED_AT
1338,XMR_USDT_PERP,NEUTRAL,GRID_AGED_HALF_LIFE,0.2064,1.1425,0.9361,4.7830,WINDOW_END_AT_CLOSED_AT
1290,DASH_USDT_PERP,NEUTRAL,GRID_AGED_HALF_LIFE,2.6861,2.1358,-0.5503,17.9363,WINDOW_END_AT_CLOSED_AT
1340,INJ_USDT_PERP,NEUTRAL,GRID_AGED_HALF_LIFE,-2.2654,-2.6387,-0.3734,5.0895,WINDOW_END_AT_CLOSED_AT
1345,ARB_USDT_PERP,NEUTRAL,GRID_AGED_HALF_LIFE,0.2812,0.1904,-0.0909,4.8811,WINDOW_END_AT_CLOSED_AT
1344,PEPE_USDT_PERP,NEUTRAL,GRID_AGED_HALF_LIFE,0.2632,0.3870,0.1238,5.4556,WINDOW_END_AT_CLOSED_AT
1341,ZAMA_USDT_PERP,NEUTRAL,GRID_AGED_HALF_LIFE,0.5121,0.3344,-0.1776,5.6866,WINDOW_END_AT_CLOSED_AT
1343,MARSCOIN_USDT_PERP,NEUTRAL,GRID_AGED_HALF_LIFE,1.0956,0.9529,-0.1427,7.1490,WINDOW_END_AT_CLOSED_AT
1313,AR_USDT_PERP,NEUTRAL,GRID_AGED_HALF_LIFE,0.8529,0.9686,0.1156,12.0228,WINDOW_END_AT_CLOSED_AT
1342,ZEC_USDT_PERP,NEUTRAL,GRID_AGED_HALF_LIFE,-0.0334,0.3258,0.3592,9.0945,WINDOW_END_AT_CLOSED_AT
1360,DASH_USDT_PERP,NEUTRAL,RADAR_AUTOCLOSE_STRICT,-0.9743,0.9153,1.8897,6.1628,WINDOW_END_AT_CLOSED_AT
1356,FARTCOIN_USDT_PERP,NEUTRAL,GRID_AGED_HALF_LIFE,0.4455,0.5006,0.0551,7.8386,WINDOW_END_AT_CLOSED_AT
1362,PENGU_USDT_PERP,NEUTRAL,GRID_AGED_HALF_LIFE,0.2012,0.4017,0.2005,6.5200,WINDOW_END_AT_CLOSED_AT
1354,PENDLE_USDT_PERP,NEUTRAL,GRID_AGED_HALF_LIFE,0.0239,0.1623,0.1385,8.3561,WINDOW_END_AT_CLOSED_AT
1289,XRP_USDT_PERP,NEUTRAL,GRID_AGED_HALF_LIFE,3.0095,2.2063,-0.8032,27.0750,WINDOW_END_AT_CLOSED_AT
1372,PONS_USDT_PERP,NEUTRAL,GRID_AGED_HALF_LIFE,0.1068,0.6743,0.5675,7.2526,WINDOW_END_AT_CLOSED_AT
1376,AR_USDT_PERP,NEUTRAL,GRID_AGED_HALF_LIFE,-0.8561,0.3243,1.1804,5.0302,WINDOW_END_AT_CLOSED_AT
1288,AAVE_USDT_PERP,NEUTRAL,GRID_AGED_HALF_LIFE,-1.0246,1.4567,2.4812,28.2573,WINDOW_END_AT_CLOSED_AT
1361,ADA_USDT_PERP,NEUTRAL,GRID_AGED_HALF_LIFE,0.2121,0.2932,0.0812,9.8891,WINDOW_END_AT_CLOSED_AT
1371,DOGE_USDT_PERP,NEUTRAL,GRID_AGED_HALF_LIFE,0.1352,0.2619,0.1267,8.4524,WINDOW_END_AT_CLOSED_AT
1377,CAKE_USDT_PERP,NEUTRAL,GRID_AGED_HALF_LIFE,0.1548,0.2420,0.0871,5.7191,WINDOW_END_AT_CLOSED_AT
1387,MARSCOIN_USDT_PERP,NEUTRAL,RADAR_AUTOCLOSE_STRICT,-0.4143,-0.2709,0.1433,3.2831,WINDOW_END_AT_CLOSED_AT
1370,WIF_USDT_PERP,NEUTRAL,GRID_AGED_HALF_LIFE,-1.3717,1.2071,2.5788,9.1817,WINDOW_END_AT_CLOSED_AT
1355,AXS_USDT_PERP,NEUTRAL,RADAR_AUTOCLOSE_STRICT,0.5424,0.2141,-0.3283,11.8636,WINDOW_END_AT_CLOSED_AT
1381,ICP_USDT_PERP,NEUTRAL,GRID_AGED_HALF_LIFE,-4.3383,-0.4612,3.8771,5.6889,WINDOW_END_AT_CLOSED_AT
1369,APT_USDT_PERP,NEUTRAL,GRID_AGED_HALF_LIFE,-1.1576,0.2988,1.4565,10.0800,WINDOW_END_AT_CLOSED_AT
1396,ORDI_USDT_PERP,NEUTRAL,STOP_LOSS,-10.4513,-5.8593,4.5919,2.4062,WINDOW_END_AT_CLOSED_AT
1395,DOT_USDT_PERP,NEUTRAL,STOP_LOSS,-5.1497,-0.7109,4.4388,3.5264,WINDOW_END_AT_CLOSED_AT
1384,USELESS_USDT_PERP,NEUTRAL,GRID_AGED_HALF_LIFE,1.8925,2.2025,0.3100,7.7366,WINDOW_END_AT_CLOSED_AT
1399,ETC_USDT_PERP,NEUTRAL,GRID_AGED_HALF_LIFE,0.1170,0.1858,0.0688,4.5029,WINDOW_END_AT_CLOSED_AT
1385,VET_USDT_PERP,NEUTRAL,GRID_AGED_HALF_LIFE,-0.2955,-0.5743,-0.2788,8.6101,WINDOW_END_AT_CLOSED_AT
1400,LTC_USDT_PERP,NEUTRAL,RADAR_AUTOCLOSE_STRICT,-1.6673,0.1127,1.7800,5.4046,WINDOW_END_AT_CLOSED_AT
1386,PENGU_USDT_PERP,NEUTRAL,GRID_AGED_HALF_LIFE,-1.1629,-0.7039,0.4590,10.3708,WINDOW_END_AT_CLOSED_AT
1398,ADA_USDT_PERP,NEUTRAL,GRID_AGED_HALF_LIFE,0.1811,0.3156,0.1345,8.3425,WINDOW_END_AT_CLOSED_AT
1404,CRV_USDT_PERP,NEUTRAL,GRID_AGED_HALF_LIFE,0.2897,0.1253,-0.1644,4.2697,WINDOW_END_AT_CLOSED_AT
1407,ARB_USDT_PERP,NEUTRAL,GRID_AGED_HALF_LIFE,0.2792,0.4461,0.1669,4.3132,WINDOW_END_AT_CLOSED_AT
1394,VIRTUAL_USDT_PERP,NEUTRAL,GRID_AGED_HALF_LIFE,2.1262,-0.2223,-2.3486,11.9863,WINDOW_END_AT_CLOSED_AT
1409,PONS_USDT_PERP,NEUTRAL,GRID_AGED_HALF_LIFE,0.1680,0.2927,0.1246,5.7270,WINDOW_END_AT_CLOSED_AT
1401,NEAR_USDT_PERP,NEUTRAL,STOP_LOSS,-14.8954,-8.0241,6.8713,14.2181,STOP_LOSS
1405,WIF_USDT_PERP,NEUTRAL,GRID_AGED_HALF_LIFE,1.6008,0.9797,-0.6211,11.0505,WINDOW_END_AT_CLOSED_AT
1406,ASTER_USDT_PERP,NEUTRAL,GRID_AGED_HALF_LIFE,0.1822,0.3851,0.2029,11.0476,WINDOW_END_AT_CLOSED_AT
1410,AR_USDT_PERP,NEUTRAL,GRID_AGED_HALF_LIFE,0.3446,-0.2132,-0.5578,7.9596,WINDOW_END_AT_CLOSED_AT
1412,MSTRX_USDT_PERP,LONG,GRID_AGED_HALF_LIFE,0.2481,0.8485,0.6004,7.3100,WINDOW_END_AT_CLOSED_AT
1413,TRUMP_USDT_PERP,SHORT,GRID_AGED_HALF_LIFE,-0.5076,-1.0451,-0.5375,7.2096,WINDOW_END_AT_CLOSED_AT
1417,ATOM_USDT_PERP,NEUTRAL,RADAR_AUTOCLOSE_STRICT,-0.4919,0.2147,0.7066,4.4768,WINDOW_END_AT_CLOSED_AT
1403,LDO_USDT_PERP,NEUTRAL,GRID_AGED_HALF_LIFE,1.6418,2.0329,0.3911,13.3013,WINDOW_END_AT_CLOSED_AT
1411,ETHFI_USDT_PERP,NEUTRAL,GRID_AGED_HALF_LIFE,0.7317,0.6368,-0.0949,10.2282,WINDOW_END_AT_CLOSED_AT
1421,ADA_USDT_PERP,LONG,GRID_AGED_HALF_LIFE,0.3010,0.0782,-0.2228,4.0196,WINDOW_END_AT_CLOSED_AT
1418,XPL_USDT_PERP,NEUTRAL,GRID_AGED_HALF_LIFE,0.9103,0.5892,-0.3211,5.7699,WINDOW_END_AT_CLOSED_AT
1420,TIA_USDT_PERP,NEUTRAL,GRID_AGED_HALF_LIFE,0.6254,0.7770,0.1516,5.1304,WINDOW_END_AT_CLOSED_AT
1419,CRO_USDT_PERP,NEUTRAL,GRID_AGED_HALF_LIFE,0.7671,-0.3636,-1.1307,6.6860,WINDOW_END_AT_CLOSED_AT
1422,AR_USDT_PERP,NEUTRAL,RADAR_AUTOCLOSE_STRICT,-0.1488,0.0510,0.1998,2.2903,WINDOW_END_AT_CLOSED_AT
1426,FARTCOIN_USDT_PERP,NEUTRAL,GRID_AGED_HALF_LIFE,0.3387,0.4622,0.1235,4.1283,WINDOW_END_AT_CLOSED_AT
1427,OP_USDT_PERP,NEUTRAL,RADAR_AUTOCLOSE_STRICT,-0.2607,0.0480,0.3088,4.0486,WINDOW_END_AT_CLOSED_AT
1423,SEI_USDT_PERP,NEUTRAL,GRID_AGED_HALF_LIFE,0.4627,0.5524,0.0897,5.2050,WINDOW_END_AT_CLOSED_AT
1425,FET_USDT_PERP,NEUTRAL,GRID_AGED_HALF_LIFE,0.1055,0.4594,0.3539,5.0229,WINDOW_END_AT_CLOSED_AT
1430,ALGO_USDT_PERP,NEUTRAL,RADAR_AUTOCLOSE_STRICT,-0.5382,0.0353,0.5735,4.1182,WINDOW_END_AT_CLOSED_AT
1428,FIL_USDT_PERP,NEUTRAL,STOP_LOSS_NATIVE,-0.2820,0.4950,0.7770,14.1784,WINDOW_END_AT_CLOSED_AT
1416,EDGE_USDT_PERP,NEUTRAL,GRID_AGED_HALF_LIFE,0.8837,0.1918,-0.6920,25.1242,WINDOW_END_AT_CLOSED_AT
1424,CRO_USDT_PERP,NEUTRAL,GRID_AGED_HALF_LIFE,-3.0533,-2.6691,0.3841,14.9610,RANGE_BREAK_DOWN
1436,LYN_USDT_PERP,NEUTRAL,GRID_AGED_HALF_LIFE,0.5559,0.5038,-0.0521,5.1292,WINDOW_END_AT_CLOSED_AT
1438,MSTRX_USDT_PERP,NEUTRAL,STOP_LOSS_NATIVE,0.0000,-1.2760,-1.2760,0.4137,STRUCT_INVALID_STOP
1432,PYTH_USDT_PERP,NEUTRAL,GRID_AGED_HALF_LIFE,2.7805,2.5807,-0.1999,8.4581,WINDOW_END_AT_CLOSED_AT
1440,CRWVX_USDT_PERP,NEUTRAL,STOP_LOSS_NATIVE,0.0081,-1.3230,-1.3311,0.5219,STRUCT_INVALID_STOP
1433,RENDER_USDT_PERP,NEUTRAL,GRID_AGED_HALF_LIFE,1.1555,0.5341,-0.6214,11.0524,WINDOW_END_AT_CLOSED_AT
1434,ETC_USDT_PERP,NEUTRAL,GRID_AGED_HALF_LIFE,1.4168,2.1383,0.7214,11.0500,WINDOW_END_AT_CLOSED_AT
1431,W_USDT_PERP,NEUTRAL,GRID_AGED_HALF_LIFE,0.5124,1.9766,1.4642,12.5525,WINDOW_END_AT_CLOSED_AT
1449,MUX_USDT_PERP,NEUTRAL,STOP_LOSS_NATIVE,0.0000,-0.0381,-0.0381,0.1001,STRUCT_INVALID_STOP
1445,PEPE_USDT_PERP,NEUTRAL,TAKE_PROFIT_NATIVE,0.0218,-0.1176,-0.1394,0.4349,WINDOW_END_AT_CLOSED_AT
1444,XRP_USDT_PERP,NEUTRAL,TAKE_PROFIT_NATIVE,0.0402,0.0951,0.0549,0.7382,WINDOW_END_AT_CLOSED_AT
1450,GRT_USDT_PERP,NEUTRAL,TAKE_PROFIT_NATIVE,0.0146,-0.0022,-0.0168,0.2085,WINDOW_END_AT_CLOSED_AT
1448,DOGE_USDT_PERP,NEUTRAL,TAKE_PROFIT_NATIVE,0.0478,0.0515,0.0037,0.4257,WINDOW_END_AT_CLOSED_AT
1435,SEI_USDT_PERP,NEUTRAL,GRID_AGED_HALF_LIFE,1.6961,1.3970,-0.2991,14.7455,WINDOW_END_AT_CLOSED_AT
1439,SOXSX_USDT_PERP,NEUTRAL,TAKE_PROFIT_NATIVE,1.1390,1.3915,0.2525,8.6710,WINDOW_END_AT_CLOSED_AT
1452,PEPE_USDT_PERP,NEUTRAL,TAKE_PROFIT_NATIVE,0.0107,0.0508,0.0401,0.7147,WINDOW_END_AT_CLOSED_AT
1456,HOODX_USDT_PERP,LONG,STOP_LOSS_PRICE_BREACH,-0.2163,-0.3298,-0.1135,0.2217,STRUCT_INVALID_STOP
1447,DRAMX_USDT_PERP,NEUTRAL,RADAR_AUTOCLOSE_STRICT,-0.4176,0.0277,0.4453,3.0773,WINDOW_END_AT_CLOSED_AT
1443,ETH_USDT_PERP,NEUTRAL,RADAR_AUTOCLOSE_STRICT,-0.5280,-0.1023,0.4258,3.4916,WINDOW_END_AT_CLOSED_AT
1460,AIN_USDT_PERP,NEUTRAL,STOP_LOSS_NATIVE,-0.1113,-0.2341,-0.1228,0.2587,WINDOW_END_AT_CLOSED_AT
1441,COINX_USDT_PERP,NEUTRAL,RANGE_BREAK_UP,-1.0885,0.1647,1.2532,8.4016,WINDOW_END_AT_CLOSED_AT
1462,ALABX_USDT_PERP,NEUTRAL,STOP_LOSS_NATIVE,0.0000,-0.2505,-0.2505,0.4891,STRUCT_INVALID_STOP
1454,PEPE_USDT_PERP,NEUTRAL,RANGE_BREAK_UP,-1.6388,0.0602,1.6990,6.1143,WINDOW_END_AT_CLOSED_AT
1457,NOKX_USDT_PERP,LONG,TAKE_PROFIT_NATIVE,0.2344,2.4534,2.2190,6.1777,TAKE_PROFIT
1455,BMNRX_USDT_PERP,LONG,STOP_LOSS_NATIVE,-0.8570,-1.7128,-0.8558,7.2872,WINDOW_END_AT_CLOSED_AT
1458,BNB_USDT_PERP,NEUTRAL,STOP_LOSS_NATIVE,-0.1585,0.2350,0.3935,7.2666,STRUCT_INVALID_STOP
1442,MSTRX_USDT_PERP,NEUTRAL,GRID_AGED_HALF_LIFE,0.4294,0.2141,-0.2153,11.4144,WINDOW_END_AT_CLOSED_AT
1461,XRP_USDT_PERP,NEUTRAL,GRID_AGED_HALF_LIFE,0.6904,0.7530,0.0626,6.4279,WINDOW_END_AT_CLOSED_AT
1453,DOGE_USDT_PERP,NEUTRAL,USER_CANCEL,1.3192,1.2105,-0.1088,9.7459,WINDOW_END_AT_CLOSED_AT
1465,CRWVX_USDT_PERP,NEUTRAL,STOP_LOSS_NATIVE,0.0000,-0.1867,-0.1867,0.2125,STRUCT_INVALID_STOP
1463,SKHY_USDT_PERP,NEUTRAL,AUTOGRID_STOP,-0.0245,0.6447,0.6692,5.9664,WINDOW_END_AT_CLOSED_AT
1468,FARTCOIN_USDT_PERP,NEUTRAL,AUTOGRID_STOP,-0.1016,-0.3023,-0.2006,0.8385,WINDOW_END_AT_CLOSED_AT
1469,ALGO_USDT_PERP,NEUTRAL,AUTOGRID_STOP,-0.0119,-0.0037,0.0083,0.1378,WINDOW_END_AT_CLOSED_AT
1470,NBISX_USDT_PERP,NEUTRAL,AUTOGRID_STOP,0.0000,-0.1797,-0.1797,0.1092,WINDOW_END_AT_CLOSED_AT
1459,HBAR_USDT_PERP,NEUTRAL,AUTOGRID_STOP,-4.0296,-3.7383,0.2913,10.4584,WINDOW_END_AT_CLOSED_AT
1466,EWYX_USDT_PERP,NEUTRAL,AUTOGRID_STOP,-0.0015,0.0121,0.0136,1.0054,WINDOW_END_AT_CLOSED_AT
1464,INJ_USDT_PERP,NEUTRAL,AUTOGRID_STOP,0.1013,0.1011,-0.0002,1.0310,WINDOW_END_AT_CLOSED_AT
1467,XMR_USDT_PERP,NEUTRAL,AUTOGRID_STOP,-0.0048,0.0856,0.0904,0.9288,WINDOW_END_AT_CLOSED_AT
1451,SMSN_USDT_PERP,NEUTRAL,AUTOGRID_STOP,-0.0544,1.5831,1.6375,13.1374,WINDOW_END_AT_CLOSED_AT
1472,OKLOX_USDT_PERP,NEUTRAL,STOP_LOSS_NATIVE,0.0000,-0.9628,-0.9628,0.3256,STRUCT_INVALID_STOP
1485,XMR_USDT_PERP,NEUTRAL,GRID_AGED_HALF_LIFE,0.0000,0.8849,0.8849,5.7462,WINDOW_END_AT_CLOSED_AT
1486,ADA_USDT_PERP,SHORT,GRID_AGED_HALF_LIFE,-0.3715,-0.4083,-0.0368,6.7756,WINDOW_END_AT_CLOSED_AT
1487,MON_USDT_PERP,SHORT,GRID_AGED_HALF_LIFE,1.3841,2.3521,0.9680,6.7012,WINDOW_END_AT_CLOSED_AT
1494,TAO_USDT_PERP,NEUTRAL,GRID_AGED_HALF_LIFE,0.4474,0.5723,0.1249,5.7432,WINDOW_END_AT_CLOSED_AT
1493,JUP_USDT_PERP,NEUTRAL,TRAILING_TAKE_PROFIT,0.5042,0.8375,0.3333,6.0843,WINDOW_END_AT_CLOSED_AT
1488,NEAR_USDT_PERP,NEUTRAL,TRAILING_TAKE_PROFIT,0.4805,0.6924,0.2119,7.3793,WINDOW_END_AT_CLOSED_AT
1495,DOT_USDT_PERP,NEUTRAL,TAKE_PROFIT_NATIVE,0.8252,1.6720,0.8468,6.5006,WINDOW_END_AT_CLOSED_AT
1483,ALGO_USDT_PERP,NEUTRAL,TRAILING_TAKE_PROFIT,0.4330,0.5930,0.1600,9.7214,WINDOW_END_AT_CLOSED_AT
1496,XPL_USDT_PERP,NEUTRAL,TRAILING_TAKE_PROFIT,0.3255,1.0412,0.7157,4.3410,TAKE_PROFIT
1499,DOGE_USDT_PERP,NEUTRAL,GRID_AGED_HALF_LIFE,0.1419,0.6150,0.4731,5.1331,WINDOW_END_AT_CLOSED_AT
1500,XRP_USDT_PERP,NEUTRAL,GRID_AGED_HALF_LIFE,0.0546,0.4684,0.4138,4.9240,WINDOW_END_AT_CLOSED_AT
1498,INJ_USDT_PERP,NEUTRAL,TRAILING_TAKE_PROFIT,0.5259,0.8299,0.3040,6.1886,WINDOW_END_AT_CLOSED_AT
1505,BONK_USDT_PERP,NEUTRAL,TRAILING_TAKE_PROFIT,0.3312,-0.1052,-0.4364,3.0745,WINDOW_END_AT_CLOSED_AT
1507,XPL_USDT_PERP,NEUTRAL,TRAILING_TAKE_PROFIT,0.3714,0.5235,0.1521,2.4520,WINDOW_END_AT_CLOSED_AT
1502,INTCX_USDT_PERP,NEUTRAL,GRID_AGED_HALF_LIFE,0.1417,0.8234,0.6817,5.8022,WINDOW_END_AT_CLOSED_AT
1504,ATOM_USDT_PERP,NEUTRAL,GRID_AGED_HALF_LIFE,-0.5081,-0.2383,0.2699,5.2259,WINDOW_END_AT_CLOSED_AT
1490,AXTIX_USDT_PERP,NEUTRAL,STOP_LOSS_NATIVE,-2.4906,1.0008,3.4914,16.8853,TAKE_PROFIT
1492,AAOIX_USDT_PERP,NEUTRAL,TRAILING_TAKE_PROFIT,0.6962,1.1011,0.4049,16.6263,TAKE_PROFIT
1503,ICP_USDT_PERP,NEUTRAL,TRAILING_TAKE_PROFIT,0.5155,1.0238,0.5083,6.8577,TAKE_PROFIT
1508,PENDLE_USDT_PERP,NEUTRAL,GRID_AGED_HALF_LIFE,0.2461,0.6520,0.4059,5.6086,WINDOW_END_AT_CLOSED_AT
1506,NBISX_USDT_PERP,NEUTRAL,TRAILING_TAKE_PROFIT,0.5549,0.3517,-0.2031,6.9185,WINDOW_END_AT_CLOSED_AT
1513,BRENTOIL_USDT_PERP,LONG,USER_CANCEL,0.0585,-0.9309,-0.9895,2.2844,WINDOW_END_AT_CLOSED_AT
1514,ETC_USDT_PERP,SHORT,USER_CANCEL,-0.0316,-0.3998,-0.3682,0.2434,WINDOW_END_AT_CLOSED_AT
1512,ATOM_USDT_PERP,LONG,GRID_AGED_HALF_LIFE,0.9715,1.6346,0.6630,4.5866,WINDOW_END_AT_CLOSED_AT
1509,SOL_USDT_PERP,LONG,GRID_AGED_HALF_LIFE,-0.4203,-1.5254,-1.1051,4.6479,WINDOW_END_AT_CLOSED_AT
1518,FET_USDT_PERP,NEUTRAL,TAKE_PROFIT_NATIVE,1.2746,1.5286,0.2540,4.6365,TAKE_PROFIT
1516,AERO_USDT_PERP,NEUTRAL,GRID_AGED_HALF_LIFE,0.4307,0.9607,0.5299,6.8552,WINDOW_END_AT_CLOSED_AT
1515,SOXLX_USDT_PERP,NEUTRAL,TAKE_PROFIT_NATIVE,0.8455,3.1378,2.2923,7.5814,TAKE_PROFIT
1519,VVV_USDT_PERP,NEUTRAL,GRID_AGED_HALF_LIFE,0.7063,0.8961,0.1898,6.3303,WINDOW_END_AT_CLOSED_AT
1511,SHIB_USDT_PERP,LONG,GRID_AGED_HALF_LIFE,0.1134,-1.2338,-1.3472,12.4500,WINDOW_END_AT_CLOSED_AT
1522,PONS_USDT_PERP,NEUTRAL,GRID_AGED_HALF_LIFE,0.0512,0.2057,0.1545,4.7397,WINDOW_END_AT_CLOSED_AT
1523,VIRTUAL_USDT_PERP,NEUTRAL,GRID_AGED_HALF_LIFE,-0.6110,-0.6823,-0.0713,5.5526,WINDOW_END_AT_CLOSED_AT
1520,FARTCOIN_USDT_PERP,NEUTRAL,GRID_AGED_HALF_LIFE,0.8743,1.5943,0.7201,11.3391,TAKE_PROFIT
1521,KORUX_USDT_PERP,NEUTRAL,TAKE_PROFIT_NATIVE,1.0207,1.5259,0.5052,9.1266,WINDOW_END_AT_CLOSED_AT
1524,XPL_USDT_PERP,NEUTRAL,TAKE_PROFIT_NATIVE,1.1403,3.2115,2.0712,5.7525,TAKE_PROFIT
1526,ARB_USDT_PERP,NEUTRAL,RANGE_BREAK_DOWN,-1.9200,-2.1269,-0.2070,1.5254,WINDOW_END_AT_CLOSED_AT
1525,LTC_USDT_PERP,NEUTRAL,ALREADY_CLOSED,0.0825,1.9279,1.8454,7.3102,TAKE_PROFIT
1527,GRAM_USDT_PERP,NEUTRAL,GRID_AGED_HALF_LIFE,0.9481,2.4686,1.5204,5.4067,WINDOW_END_AT_CLOSED_AT
1530,MUX_USDT_PERP,NEUTRAL,MANUAL_CLOSE,0.0000,1.0031,1.0031,1.1075,WINDOW_END_AT_CLOSED_AT
1531,DRAMX_USDT_PERP,NEUTRAL,MANUAL_CLOSE,0.0000,-0.0055,-0.0055,0.2054,WINDOW_END_AT_CLOSED_AT
1528,VVV_USDT_PERP,NEUTRAL,GRID_AGED_HALF_LIFE,1.1533,1.0230,-0.1303,4.0716,WINDOW_END_AT_CLOSED_AT
1536,DOGE_USDT_PERP,NEUTRAL,USER_CANCEL,0.0000,0.0944,0.0944,0.9110,WINDOW_END_AT_CLOSED_AT
1538,ALABX_USDT_PERP,NEUTRAL,STOP_LOSS_NATIVE,-2.4952,-3.7194,-1.2243,2.8126,STRUCT_INVALID_STOP
1529,INJ_USDT_PERP,NEUTRAL,GRID_AGED_HALF_LIFE,0.5294,0.6713,0.1419,7.1849,WINDOW_END_AT_CLOSED_AT
1532,XPL_USDT_PERP,NEUTRAL,GRID_AGED_HALF_LIFE,0.8991,0.6786,-0.2205,4.3256,WINDOW_END_AT_CLOSED_AT
1535,COINX_USDT_PERP,NEUTRAL,GRID_AGED_HALF_LIFE,0.3129,0.4224,0.1095,4.5047,WINDOW_END_AT_CLOSED_AT
1534,BONK_USDT_PERP,NEUTRAL,GRID_AGED_HALF_LIFE,0.4716,0.9149,0.4433,7.1166,WINDOW_END_AT_CLOSED_AT
1533,AR_USDT_PERP,NEUTRAL,GRID_AGED_HALF_LIFE,1.3616,1.9907,0.6291,8.9537,WINDOW_END_AT_CLOSED_AT
1537,ZAMA_USDT_PERP,NEUTRAL,RANGE_BREAK_UP,-7.0499,-6.7858,0.2642,8.6048,WINDOW_END_AT_CLOSED_AT
1540,NMR_USDT_PERP,NEUTRAL,GRID_AGED_HALF_LIFE,0.4895,1.2141,0.7247,4.4967,WINDOW_END_AT_CLOSED_AT
1541,XPL_USDT_PERP,NEUTRAL,GRID_AGED_HALF_LIFE,0.7411,1.7945,1.0534,4.9615,WINDOW_END_AT_CLOSED_AT
1542,NOKX_USDT_PERP,NEUTRAL,GRID_AGED_HALF_LIFE,-0.1364,0.4356,0.5720,6.2096,WINDOW_END_AT_CLOSED_AT
1544,ORDI_USDT_PERP,NEUTRAL,GRID_AGED_HALF_LIFE,-1.2280,-0.8973,0.3307,5.7937,WINDOW_END_AT_CLOSED_AT
1543,BONK_USDT_PERP,NEUTRAL,GRID_AGED_HALF_LIFE,-2.3341,-1.2324,1.1017,6.0678,WINDOW_END_AT_CLOSED_AT
1539,STX_USDT_PERP,NEUTRAL,GRID_AGED_HALF_LIFE,0.9776,1.6757,0.6981,16.0538,TAKE_PROFIT
1545,PENGU_USDT_PERP,LONG,STOP_LOSS_PRICE_BREACH,-23.7174,-39.0303,-15.3128,8.4332,STRUCT_INVALID_STOP
1546,MSTRX_USDT_PERP,LONG,STOP_LOSS_NATIVE,-8.4830,-13.9876,-5.5046,8.4324,WINDOW_END_AT_CLOSED_AT
